Suite/Test/Step Name,Browser,Description,Start time,End time,Duration,Status
Pdf,Chrome 68.0.3440.106,,2018-09-07 22:19:10,2018-09-07 22:19:55,"45,716s",PASSED
,,,,,,
Test Cases/ReadPdf/pdfReader,Chrome 68.0.3440.106,,2018-09-07 22:19:14,2018-09-07 22:19:55,"40,648s",PASSED
Start listener action : sampleBeforeTestCase,Chrome 68.0.3440.106,,2018-09-07 22:19:14,2018-09-07 22:19:15,"0,351s",PASSED
openBrowser,Chrome 68.0.3440.106,,2018-09-07 22:19:17,2018-09-07 22:19:30,"12,537s",PASSED
navigateToUrl,Chrome 68.0.3440.106,,2018-09-07 22:19:30,2018-09-07 22:19:45,"14,851s",PASSED
click,Chrome 68.0.3440.106,,2018-09-07 22:19:45,2018-09-07 22:19:47,"1,938s",PASSED
"Statement - pdfContent = CustomKeywords.readPdfFile.verifyPdfContent.readPdfFileVerify(""http://www.axmag.com/download/pdfurl-guide.pdf"")",Chrome 68.0.3440.106,,2018-09-07 22:19:47,2018-09-07 22:19:54,"6,950s",PASSED
"Statement - org.testng.Assert.assertTrue(pdfContent.contains(""Open the setting.xml, you can see it is like this:""))",Chrome 68.0.3440.106,,2018-09-07 22:19:54,2018-09-07 22:19:54,"0,052s",PASSED
"Statement - org.testng.Assert.assertTrue(pdfContent.contains(""Please add the following sentence in setting.xml before""))",Chrome 68.0.3440.106,,2018-09-07 22:19:54,2018-09-07 22:19:54,"0,014s",PASSED
"Statement - org.testng.Assert.assertTrue(pdfContent.contains(""You can see that I have modified the setting.xml, and if open the file in IE, it is like this:""))",Chrome 68.0.3440.106,,2018-09-07 22:19:54,2018-09-07 22:19:54,"0,011s",PASSED
"Statement - println(""PDF IS GOOD TO GO...
"")",Chrome 68.0.3440.106,,2018-09-07 22:19:54,2018-09-07 22:19:54,"0,021s",PASSED
closeBrowser,Chrome 68.0.3440.106,,2018-09-07 22:19:54,2018-09-07 22:19:55,"1,031s",PASSED
Start listener action : sampleAfterTestCase,Chrome 68.0.3440.106,,2018-09-07 22:19:55,2018-09-07 22:19:55,"0,073s",PASSED
